id,local_image_path
pl3-1,output_images\pl3-1_original.png
pl3-1,output_images\pl3-1_bw.png
pl3-1,output_images\pl3-1_blurred.png
pl3-1,output_images\pl3-1_saturated.png
pl3-1,output_images\pl3-1_desaturated.png
pl3-1,output_images\pl3-1_rotated_left.png
pl3-1,output_images\pl3-1_rotated_right.png
pl3-1,output_images\pl3-1_zoom_in.png
pl3-1,output_images\pl3-1_zoom_out.png
pl3-1,output_images\pl3-1_noise.png
pl3-1,output_images\pl3-1_bright.png
pl3-1,output_images\pl3-1_random_rotation.png
pl3-1,output_images\pl3-1_translated.png
pl3-1,output_images\pl3-1_cropped.png
pl3-1,output_images\pl3-1_flipped_horizontal.png
pl3-1,output_images\pl3-1_high_contrast.png
ex12-1,output_images\ex12-1_original.png
ex12-1,output_images\ex12-1_bw.png
ex12-1,output_images\ex12-1_blurred.png
ex12-1,output_images\ex12-1_saturated.png
ex12-1,output_images\ex12-1_desaturated.png
ex12-1,output_images\ex12-1_rotated_left.png
ex12-1,output_images\ex12-1_rotated_right.png
ex12-1,output_images\ex12-1_zoom_in.png
ex12-1,output_images\ex12-1_zoom_out.png
ex12-1,output_images\ex12-1_noise.png
ex12-1,output_images\ex12-1_bright.png
ex12-1,output_images\ex12-1_random_rotation.png
ex12-1,output_images\ex12-1_translated.png
ex12-1,output_images\ex12-1_cropped.png
ex12-1,output_images\ex12-1_flipped_horizontal.png
ex12-1,output_images\ex12-1_high_contrast.png
xy5-1,output_images\xy5-1_original.png
xy5-1,output_images\xy5-1_bw.png
xy5-1,output_images\xy5-1_blurred.png
xy5-1,output_images\xy5-1_saturated.png
xy5-1,output_images\xy5-1_desaturated.png
xy5-1,output_images\xy5-1_rotated_left.png
xy5-1,output_images\xy5-1_rotated_right.png
xy5-1,output_images\xy5-1_zoom_in.png
xy5-1,output_images\xy5-1_zoom_out.png
xy5-1,output_images\xy5-1_noise.png
xy5-1,output_images\xy5-1_bright.png
xy5-1,output_images\xy5-1_random_rotation.png
xy5-1,output_images\xy5-1_translated.png
xy5-1,output_images\xy5-1_cropped.png
xy5-1,output_images\xy5-1_flipped_horizontal.png
xy5-1,output_images\xy5-1_high_contrast.png
mcd19-1,output_images\mcd19-1_original.png
mcd19-1,output_images\mcd19-1_bw.png
mcd19-1,output_images\mcd19-1_blurred.png
mcd19-1,output_images\mcd19-1_saturated.png
mcd19-1,output_images\mcd19-1_desaturated.png
mcd19-1,output_images\mcd19-1_rotated_left.png
mcd19-1,output_images\mcd19-1_rotated_right.png
mcd19-1,output_images\mcd19-1_zoom_in.png
mcd19-1,output_images\mcd19-1_zoom_out.png
mcd19-1,output_images\mcd19-1_noise.png
mcd19-1,output_images\mcd19-1_bright.png
mcd19-1,output_images\mcd19-1_random_rotation.png
mcd19-1,output_images\mcd19-1_translated.png
mcd19-1,output_images\mcd19-1_cropped.png
mcd19-1,output_images\mcd19-1_flipped_horizontal.png
mcd19-1,output_images\mcd19-1_high_contrast.png
ex7-1,output_images\ex7-1_original.png
ex7-1,output_images\ex7-1_bw.png
ex7-1,output_images\ex7-1_blurred.png
ex7-1,output_images\ex7-1_saturated.png
ex7-1,output_images\ex7-1_desaturated.png
ex7-1,output_images\ex7-1_rotated_left.png
ex7-1,output_images\ex7-1_rotated_right.png
ex7-1,output_images\ex7-1_zoom_in.png
ex7-1,output_images\ex7-1_zoom_out.png
ex7-1,output_images\ex7-1_noise.png
ex7-1,output_images\ex7-1_bright.png
ex7-1,output_images\ex7-1_random_rotation.png
ex7-1,output_images\ex7-1_translated.png
ex7-1,output_images\ex7-1_cropped.png
ex7-1,output_images\ex7-1_flipped_horizontal.png
ex7-1,output_images\ex7-1_high_contrast.png
det1-1,output_images\det1-1_original.png
det1-1,output_images\det1-1_bw.png
det1-1,output_images\det1-1_blurred.png
det1-1,output_images\det1-1_saturated.png
det1-1,output_images\det1-1_desaturated.png
det1-1,output_images\det1-1_rotated_left.png
det1-1,output_images\det1-1_rotated_right.png
det1-1,output_images\det1-1_zoom_in.png
det1-1,output_images\det1-1_zoom_out.png
det1-1,output_images\det1-1_noise.png
det1-1,output_images\det1-1_bright.png
det1-1,output_images\det1-1_random_rotation.png
det1-1,output_images\det1-1_translated.png
det1-1,output_images\det1-1_cropped.png
det1-1,output_images\det1-1_flipped_horizontal.png
det1-1,output_images\det1-1_high_contrast.png
ru1-1,output_images\ru1-1_original.png
ru1-1,output_images\ru1-1_bw.png
ru1-1,output_images\ru1-1_blurred.png
ru1-1,output_images\ru1-1_saturated.png
ru1-1,output_images\ru1-1_desaturated.png
ru1-1,output_images\ru1-1_rotated_left.png
ru1-1,output_images\ru1-1_rotated_right.png
ru1-1,output_images\ru1-1_zoom_in.png
ru1-1,output_images\ru1-1_zoom_out.png
ru1-1,output_images\ru1-1_noise.png
ru1-1,output_images\ru1-1_bright.png
ru1-1,output_images\ru1-1_random_rotation.png
ru1-1,output_images\ru1-1_translated.png
ru1-1,output_images\ru1-1_cropped.png
ru1-1,output_images\ru1-1_flipped_horizontal.png
ru1-1,output_images\ru1-1_high_contrast.png
ex3-1,output_images\ex3-1_original.png
ex3-1,output_images\ex3-1_bw.png
ex3-1,output_images\ex3-1_blurred.png
ex3-1,output_images\ex3-1_saturated.png
ex3-1,output_images\ex3-1_desaturated.png
ex3-1,output_images\ex3-1_rotated_left.png
ex3-1,output_images\ex3-1_rotated_right.png
ex3-1,output_images\ex3-1_zoom_in.png
ex3-1,output_images\ex3-1_zoom_out.png
ex3-1,output_images\ex3-1_noise.png
ex3-1,output_images\ex3-1_bright.png
ex3-1,output_images\ex3-1_random_rotation.png
ex3-1,output_images\ex3-1_translated.png
ex3-1,output_images\ex3-1_cropped.png
ex3-1,output_images\ex3-1_flipped_horizontal.png
ex3-1,output_images\ex3-1_high_contrast.png
hgss4-1,output_images\hgss4-1_original.png
hgss4-1,output_images\hgss4-1_bw.png
hgss4-1,output_images\hgss4-1_blurred.png
hgss4-1,output_images\hgss4-1_saturated.png
hgss4-1,output_images\hgss4-1_desaturated.png
hgss4-1,output_images\hgss4-1_rotated_left.png
hgss4-1,output_images\hgss4-1_rotated_right.png
hgss4-1,output_images\hgss4-1_zoom_in.png
hgss4-1,output_images\hgss4-1_zoom_out.png
hgss4-1,output_images\hgss4-1_noise.png
hgss4-1,output_images\hgss4-1_bright.png
hgss4-1,output_images\hgss4-1_random_rotation.png
hgss4-1,output_images\hgss4-1_translated.png
hgss4-1,output_images\hgss4-1_cropped.png
hgss4-1,output_images\hgss4-1_flipped_horizontal.png
hgss4-1,output_images\hgss4-1_high_contrast.png
ex11-1,output_images\ex11-1_original.png
ex11-1,output_images\ex11-1_bw.png
ex11-1,output_images\ex11-1_blurred.png
ex11-1,output_images\ex11-1_saturated.png
ex11-1,output_images\ex11-1_desaturated.png
ex11-1,output_images\ex11-1_rotated_left.png
ex11-1,output_images\ex11-1_rotated_right.png
ex11-1,output_images\ex11-1_zoom_in.png
ex11-1,output_images\ex11-1_zoom_out.png
ex11-1,output_images\ex11-1_noise.png
ex11-1,output_images\ex11-1_bright.png
ex11-1,output_images\ex11-1_random_rotation.png
ex11-1,output_images\ex11-1_translated.png
ex11-1,output_images\ex11-1_cropped.png
ex11-1,output_images\ex11-1_flipped_horizontal.png
ex11-1,output_images\ex11-1_high_contrast.png
base4-1,output_images\base4-1_original.png
base4-1,output_images\base4-1_bw.png
base4-1,output_images\base4-1_blurred.png
base4-1,output_images\base4-1_saturated.png
base4-1,output_images\base4-1_desaturated.png
base4-1,output_images\base4-1_rotated_left.png
base4-1,output_images\base4-1_rotated_right.png
base4-1,output_images\base4-1_zoom_in.png
base4-1,output_images\base4-1_zoom_out.png
base4-1,output_images\base4-1_noise.png
base4-1,output_images\base4-1_bright.png
base4-1,output_images\base4-1_random_rotation.png
base4-1,output_images\base4-1_translated.png
base4-1,output_images\base4-1_cropped.png
base4-1,output_images\base4-1_flipped_horizontal.png
base4-1,output_images\base4-1_high_contrast.png
pl1-1,output_images\pl1-1_original.png
pl1-1,output_images\pl1-1_bw.png
pl1-1,output_images\pl1-1_blurred.png
pl1-1,output_images\pl1-1_saturated.png
pl1-1,output_images\pl1-1_desaturated.png
pl1-1,output_images\pl1-1_rotated_left.png
pl1-1,output_images\pl1-1_rotated_right.png
pl1-1,output_images\pl1-1_zoom_in.png
pl1-1,output_images\pl1-1_zoom_out.png
pl1-1,output_images\pl1-1_noise.png
pl1-1,output_images\pl1-1_bright.png
pl1-1,output_images\pl1-1_random_rotation.png
pl1-1,output_images\pl1-1_translated.png
pl1-1,output_images\pl1-1_cropped.png
pl1-1,output_images\pl1-1_flipped_horizontal.png
pl1-1,output_images\pl1-1_high_contrast.png
dv1-1,output_images\dv1-1_original.png
dv1-1,output_images\dv1-1_bw.png
dv1-1,output_images\dv1-1_blurred.png
dv1-1,output_images\dv1-1_saturated.png
dv1-1,output_images\dv1-1_desaturated.png
dv1-1,output_images\dv1-1_rotated_left.png
dv1-1,output_images\dv1-1_rotated_right.png
dv1-1,output_images\dv1-1_zoom_in.png
dv1-1,output_images\dv1-1_zoom_out.png
dv1-1,output_images\dv1-1_noise.png
dv1-1,output_images\dv1-1_bright.png
dv1-1,output_images\dv1-1_random_rotation.png
dv1-1,output_images\dv1-1_translated.png
dv1-1,output_images\dv1-1_cropped.png
dv1-1,output_images\dv1-1_flipped_horizontal.png
dv1-1,output_images\dv1-1_high_contrast.png
dp3-1,output_images\dp3-1_original.png
dp3-1,output_images\dp3-1_bw.png
dp3-1,output_images\dp3-1_blurred.png
dp3-1,output_images\dp3-1_saturated.png
dp3-1,output_images\dp3-1_desaturated.png
dp3-1,output_images\dp3-1_rotated_left.png
dp3-1,output_images\dp3-1_rotated_right.png
dp3-1,output_images\dp3-1_zoom_in.png
dp3-1,output_images\dp3-1_zoom_out.png
dp3-1,output_images\dp3-1_noise.png
dp3-1,output_images\dp3-1_bright.png
dp3-1,output_images\dp3-1_random_rotation.png
dp3-1,output_images\dp3-1_translated.png
dp3-1,output_images\dp3-1_cropped.png
dp3-1,output_images\dp3-1_flipped_horizontal.png
dp3-1,output_images\dp3-1_high_contrast.png
ecard2-H1,output_images\ecard2-H1_original.png
ecard2-H1,output_images\ecard2-H1_bw.png
ecard2-H1,output_images\ecard2-H1_blurred.png
ecard2-H1,output_images\ecard2-H1_saturated.png
ecard2-H1,output_images\ecard2-H1_desaturated.png
ecard2-H1,output_images\ecard2-H1_rotated_left.png
ecard2-H1,output_images\ecard2-H1_rotated_right.png
ecard2-H1,output_images\ecard2-H1_zoom_in.png
ecard2-H1,output_images\ecard2-H1_zoom_out.png
ecard2-H1,output_images\ecard2-H1_noise.png
ecard2-H1,output_images\ecard2-H1_bright.png
ecard2-H1,output_images\ecard2-H1_random_rotation.png
ecard2-H1,output_images\ecard2-H1_translated.png
ecard2-H1,output_images\ecard2-H1_cropped.png
ecard2-H1,output_images\ecard2-H1_flipped_horizontal.png
ecard2-H1,output_images\ecard2-H1_high_contrast.png
hgss1-1,output_images\hgss1-1_original.png
hgss1-1,output_images\hgss1-1_bw.png
hgss1-1,output_images\hgss1-1_blurred.png
hgss1-1,output_images\hgss1-1_saturated.png
hgss1-1,output_images\hgss1-1_desaturated.png
hgss1-1,output_images\hgss1-1_rotated_left.png
hgss1-1,output_images\hgss1-1_rotated_right.png
hgss1-1,output_images\hgss1-1_zoom_in.png
hgss1-1,output_images\hgss1-1_zoom_out.png
hgss1-1,output_images\hgss1-1_noise.png
hgss1-1,output_images\hgss1-1_bright.png
hgss1-1,output_images\hgss1-1_random_rotation.png
hgss1-1,output_images\hgss1-1_translated.png
hgss1-1,output_images\hgss1-1_cropped.png
hgss1-1,output_images\hgss1-1_flipped_horizontal.png
hgss1-1,output_images\hgss1-1_high_contrast.png
gym1-1,output_images\gym1-1_original.png
gym1-1,output_images\gym1-1_bw.png
gym1-1,output_images\gym1-1_blurred.png
gym1-1,output_images\gym1-1_saturated.png
gym1-1,output_images\gym1-1_desaturated.png
gym1-1,output_images\gym1-1_rotated_left.png
gym1-1,output_images\gym1-1_rotated_right.png
gym1-1,output_images\gym1-1_zoom_in.png
gym1-1,output_images\gym1-1_zoom_out.png
gym1-1,output_images\gym1-1_noise.png
gym1-1,output_images\gym1-1_bright.png
gym1-1,output_images\gym1-1_random_rotation.png
gym1-1,output_images\gym1-1_translated.png
gym1-1,output_images\gym1-1_cropped.png
gym1-1,output_images\gym1-1_flipped_horizontal.png
gym1-1,output_images\gym1-1_high_contrast.png
base3-1,output_images\base3-1_original.png
base3-1,output_images\base3-1_bw.png
base3-1,output_images\base3-1_blurred.png
base3-1,output_images\base3-1_saturated.png
base3-1,output_images\base3-1_desaturated.png
base3-1,output_images\base3-1_rotated_left.png
base3-1,output_images\base3-1_rotated_right.png
base3-1,output_images\base3-1_zoom_in.png
base3-1,output_images\base3-1_zoom_out.png
base3-1,output_images\base3-1_noise.png
base3-1,output_images\base3-1_bright.png
base3-1,output_images\base3-1_random_rotation.png
base3-1,output_images\base3-1_translated.png
base3-1,output_images\base3-1_cropped.png
base3-1,output_images\base3-1_flipped_horizontal.png
base3-1,output_images\base3-1_high_contrast.png
sm9-1,output_images\sm9-1_original.png
sm9-1,output_images\sm9-1_bw.png
sm9-1,output_images\sm9-1_blurred.png
sm9-1,output_images\sm9-1_saturated.png
sm9-1,output_images\sm9-1_desaturated.png
sm9-1,output_images\sm9-1_rotated_left.png
sm9-1,output_images\sm9-1_rotated_right.png
sm9-1,output_images\sm9-1_zoom_in.png
sm9-1,output_images\sm9-1_zoom_out.png
sm9-1,output_images\sm9-1_noise.png
sm9-1,output_images\sm9-1_bright.png
sm9-1,output_images\sm9-1_random_rotation.png
sm9-1,output_images\sm9-1_translated.png
sm9-1,output_images\sm9-1_cropped.png
sm9-1,output_images\sm9-1_flipped_horizontal.png
sm9-1,output_images\sm9-1_high_contrast.png
xy2-1,output_images\xy2-1_original.png
xy2-1,output_images\xy2-1_bw.png
xy2-1,output_images\xy2-1_blurred.png
xy2-1,output_images\xy2-1_saturated.png
xy2-1,output_images\xy2-1_desaturated.png
xy2-1,output_images\xy2-1_rotated_left.png
xy2-1,output_images\xy2-1_rotated_right.png
xy2-1,output_images\xy2-1_zoom_in.png
xy2-1,output_images\xy2-1_zoom_out.png
xy2-1,output_images\xy2-1_noise.png
xy2-1,output_images\xy2-1_bright.png
xy2-1,output_images\xy2-1_random_rotation.png
xy2-1,output_images\xy2-1_translated.png
xy2-1,output_images\xy2-1_cropped.png
xy2-1,output_images\xy2-1_flipped_horizontal.png
xy2-1,output_images\xy2-1_high_contrast.png
pop6-1,output_images\pop6-1_original.png
pop6-1,output_images\pop6-1_bw.png
pop6-1,output_images\pop6-1_blurred.png
pop6-1,output_images\pop6-1_saturated.png
pop6-1,output_images\pop6-1_desaturated.png
pop6-1,output_images\pop6-1_rotated_left.png
pop6-1,output_images\pop6-1_rotated_right.png
pop6-1,output_images\pop6-1_zoom_in.png
pop6-1,output_images\pop6-1_zoom_out.png
pop6-1,output_images\pop6-1_noise.png
pop6-1,output_images\pop6-1_bright.png
pop6-1,output_images\pop6-1_random_rotation.png
pop6-1,output_images\pop6-1_translated.png
pop6-1,output_images\pop6-1_cropped.png
pop6-1,output_images\pop6-1_flipped_horizontal.png
pop6-1,output_images\pop6-1_high_contrast.png
pl1-2,output_images\pl1-2_original.png
pl1-2,output_images\pl1-2_bw.png
pl1-2,output_images\pl1-2_blurred.png
pl1-2,output_images\pl1-2_saturated.png
pl1-2,output_images\pl1-2_desaturated.png
pl1-2,output_images\pl1-2_rotated_left.png
pl1-2,output_images\pl1-2_rotated_right.png
pl1-2,output_images\pl1-2_zoom_in.png
pl1-2,output_images\pl1-2_zoom_out.png
pl1-2,output_images\pl1-2_noise.png
pl1-2,output_images\pl1-2_bright.png
pl1-2,output_images\pl1-2_random_rotation.png
pl1-2,output_images\pl1-2_translated.png
pl1-2,output_images\pl1-2_cropped.png
pl1-2,output_images\pl1-2_flipped_horizontal.png
pl1-2,output_images\pl1-2_high_contrast.png
xy2-2,output_images\xy2-2_original.png
xy2-2,output_images\xy2-2_bw.png
xy2-2,output_images\xy2-2_blurred.png
xy2-2,output_images\xy2-2_saturated.png
xy2-2,output_images\xy2-2_desaturated.png
xy2-2,output_images\xy2-2_rotated_left.png
xy2-2,output_images\xy2-2_rotated_right.png
xy2-2,output_images\xy2-2_zoom_in.png
xy2-2,output_images\xy2-2_zoom_out.png
xy2-2,output_images\xy2-2_noise.png
xy2-2,output_images\xy2-2_bright.png
xy2-2,output_images\xy2-2_random_rotation.png
xy2-2,output_images\xy2-2_translated.png
xy2-2,output_images\xy2-2_cropped.png
xy2-2,output_images\xy2-2_flipped_horizontal.png
xy2-2,output_images\xy2-2_high_contrast.png
ecard2-H2,output_images\ecard2-H2_original.png
ecard2-H2,output_images\ecard2-H2_bw.png
ecard2-H2,output_images\ecard2-H2_blurred.png
ecard2-H2,output_images\ecard2-H2_saturated.png
ecard2-H2,output_images\ecard2-H2_desaturated.png
ecard2-H2,output_images\ecard2-H2_rotated_left.png
ecard2-H2,output_images\ecard2-H2_rotated_right.png
ecard2-H2,output_images\ecard2-H2_zoom_in.png
ecard2-H2,output_images\ecard2-H2_zoom_out.png
ecard2-H2,output_images\ecard2-H2_noise.png
ecard2-H2,output_images\ecard2-H2_bright.png
ecard2-H2,output_images\ecard2-H2_random_rotation.png
ecard2-H2,output_images\ecard2-H2_translated.png
ecard2-H2,output_images\ecard2-H2_cropped.png
ecard2-H2,output_images\ecard2-H2_flipped_horizontal.png
ecard2-H2,output_images\ecard2-H2_high_contrast.png
hgss4-2,output_images\hgss4-2_original.png
hgss4-2,output_images\hgss4-2_bw.png
hgss4-2,output_images\hgss4-2_blurred.png
hgss4-2,output_images\hgss4-2_saturated.png
hgss4-2,output_images\hgss4-2_desaturated.png
hgss4-2,output_images\hgss4-2_rotated_left.png
hgss4-2,output_images\hgss4-2_rotated_right.png
hgss4-2,output_images\hgss4-2_zoom_in.png
hgss4-2,output_images\hgss4-2_zoom_out.png
hgss4-2,output_images\hgss4-2_noise.png
hgss4-2,output_images\hgss4-2_bright.png
hgss4-2,output_images\hgss4-2_random_rotation.png
hgss4-2,output_images\hgss4-2_translated.png
hgss4-2,output_images\hgss4-2_cropped.png
hgss4-2,output_images\hgss4-2_flipped_horizontal.png
hgss4-2,output_images\hgss4-2_high_contrast.png
pop6-2,output_images\pop6-2_original.png
pop6-2,output_images\pop6-2_bw.png
pop6-2,output_images\pop6-2_blurred.png
pop6-2,output_images\pop6-2_saturated.png
pop6-2,output_images\pop6-2_desaturated.png
pop6-2,output_images\pop6-2_rotated_left.png
pop6-2,output_images\pop6-2_rotated_right.png
pop6-2,output_images\pop6-2_zoom_in.png
pop6-2,output_images\pop6-2_zoom_out.png
pop6-2,output_images\pop6-2_noise.png
pop6-2,output_images\pop6-2_bright.png
pop6-2,output_images\pop6-2_random_rotation.png
pop6-2,output_images\pop6-2_translated.png
pop6-2,output_images\pop6-2_cropped.png
pop6-2,output_images\pop6-2_flipped_horizontal.png
pop6-2,output_images\pop6-2_high_contrast.png
base3-2,output_images\base3-2_original.png
base3-2,output_images\base3-2_bw.png
base3-2,output_images\base3-2_blurred.png
base3-2,output_images\base3-2_saturated.png
base3-2,output_images\base3-2_desaturated.png
base3-2,output_images\base3-2_rotated_left.png
base3-2,output_images\base3-2_rotated_right.png
base3-2,output_images\base3-2_zoom_in.png
base3-2,output_images\base3-2_zoom_out.png
base3-2,output_images\base3-2_noise.png
base3-2,output_images\base3-2_bright.png
base3-2,output_images\base3-2_random_rotation.png
base3-2,output_images\base3-2_translated.png
base3-2,output_images\base3-2_cropped.png
base3-2,output_images\base3-2_flipped_horizontal.png
base3-2,output_images\base3-2_high_contrast.png
ex3-2,output_images\ex3-2_original.png
ex3-2,output_images\ex3-2_bw.png
ex3-2,output_images\ex3-2_blurred.png
ex3-2,output_images\ex3-2_saturated.png
ex3-2,output_images\ex3-2_desaturated.png
ex3-2,output_images\ex3-2_rotated_left.png
ex3-2,output_images\ex3-2_rotated_right.png
ex3-2,output_images\ex3-2_zoom_in.png
ex3-2,output_images\ex3-2_zoom_out.png
ex3-2,output_images\ex3-2_noise.png
ex3-2,output_images\ex3-2_bright.png
ex3-2,output_images\ex3-2_random_rotation.png
ex3-2,output_images\ex3-2_translated.png
ex3-2,output_images\ex3-2_cropped.png
ex3-2,output_images\ex3-2_flipped_horizontal.png
ex3-2,output_images\ex3-2_high_contrast.png
base4-2,output_images\base4-2_original.png
base4-2,output_images\base4-2_bw.png
base4-2,output_images\base4-2_blurred.png
base4-2,output_images\base4-2_saturated.png
base4-2,output_images\base4-2_desaturated.png
base4-2,output_images\base4-2_rotated_left.png
base4-2,output_images\base4-2_rotated_right.png
base4-2,output_images\base4-2_zoom_in.png
base4-2,output_images\base4-2_zoom_out.png
base4-2,output_images\base4-2_noise.png
base4-2,output_images\base4-2_bright.png
base4-2,output_images\base4-2_random_rotation.png
base4-2,output_images\base4-2_translated.png
base4-2,output_images\base4-2_cropped.png
base4-2,output_images\base4-2_flipped_horizontal.png
base4-2,output_images\base4-2_high_contrast.png
pl3-2,output_images\pl3-2_original.png
pl3-2,output_images\pl3-2_bw.png
pl3-2,output_images\pl3-2_blurred.png
pl3-2,output_images\pl3-2_saturated.png
pl3-2,output_images\pl3-2_desaturated.png
pl3-2,output_images\pl3-2_rotated_left.png
pl3-2,output_images\pl3-2_rotated_right.png
pl3-2,output_images\pl3-2_zoom_in.png
pl3-2,output_images\pl3-2_zoom_out.png
pl3-2,output_images\pl3-2_noise.png
pl3-2,output_images\pl3-2_bright.png
pl3-2,output_images\pl3-2_random_rotation.png
pl3-2,output_images\pl3-2_translated.png
pl3-2,output_images\pl3-2_cropped.png
pl3-2,output_images\pl3-2_flipped_horizontal.png
pl3-2,output_images\pl3-2_high_contrast.png
ex11-2,output_images\ex11-2_original.png
ex11-2,output_images\ex11-2_bw.png
ex11-2,output_images\ex11-2_blurred.png
ex11-2,output_images\ex11-2_saturated.png
ex11-2,output_images\ex11-2_desaturated.png
ex11-2,output_images\ex11-2_rotated_left.png
ex11-2,output_images\ex11-2_rotated_right.png
ex11-2,output_images\ex11-2_zoom_in.png
ex11-2,output_images\ex11-2_zoom_out.png
ex11-2,output_images\ex11-2_noise.png
ex11-2,output_images\ex11-2_bright.png
ex11-2,output_images\ex11-2_random_rotation.png
ex11-2,output_images\ex11-2_translated.png
ex11-2,output_images\ex11-2_cropped.png
ex11-2,output_images\ex11-2_flipped_horizontal.png
ex11-2,output_images\ex11-2_high_contrast.png
dp3-2,output_images\dp3-2_original.png
dp3-2,output_images\dp3-2_bw.png
dp3-2,output_images\dp3-2_blurred.png
dp3-2,output_images\dp3-2_saturated.png
dp3-2,output_images\dp3-2_desaturated.png
dp3-2,output_images\dp3-2_rotated_left.png
dp3-2,output_images\dp3-2_rotated_right.png
dp3-2,output_images\dp3-2_zoom_in.png
dp3-2,output_images\dp3-2_zoom_out.png
dp3-2,output_images\dp3-2_noise.png
dp3-2,output_images\dp3-2_bright.png
dp3-2,output_images\dp3-2_random_rotation.png
dp3-2,output_images\dp3-2_translated.png
dp3-2,output_images\dp3-2_cropped.png
dp3-2,output_images\dp3-2_flipped_horizontal.png
dp3-2,output_images\dp3-2_high_contrast.png
sm9-2,output_images\sm9-2_original.png
sm9-2,output_images\sm9-2_bw.png
sm9-2,output_images\sm9-2_blurred.png
sm9-2,output_images\sm9-2_saturated.png
sm9-2,output_images\sm9-2_desaturated.png
sm9-2,output_images\sm9-2_rotated_left.png
sm9-2,output_images\sm9-2_rotated_right.png
sm9-2,output_images\sm9-2_zoom_in.png
sm9-2,output_images\sm9-2_zoom_out.png
sm9-2,output_images\sm9-2_noise.png
sm9-2,output_images\sm9-2_bright.png
sm9-2,output_images\sm9-2_random_rotation.png
sm9-2,output_images\sm9-2_translated.png
sm9-2,output_images\sm9-2_cropped.png
sm9-2,output_images\sm9-2_flipped_horizontal.png
sm9-2,output_images\sm9-2_high_contrast.png
ru1-2,output_images\ru1-2_original.png
ru1-2,output_images\ru1-2_bw.png
ru1-2,output_images\ru1-2_blurred.png
ru1-2,output_images\ru1-2_saturated.png
ru1-2,output_images\ru1-2_desaturated.png
ru1-2,output_images\ru1-2_rotated_left.png
ru1-2,output_images\ru1-2_rotated_right.png
ru1-2,output_images\ru1-2_zoom_in.png
ru1-2,output_images\ru1-2_zoom_out.png
ru1-2,output_images\ru1-2_noise.png
ru1-2,output_images\ru1-2_bright.png
ru1-2,output_images\ru1-2_random_rotation.png
ru1-2,output_images\ru1-2_translated.png
ru1-2,output_images\ru1-2_cropped.png
ru1-2,output_images\ru1-2_flipped_horizontal.png
ru1-2,output_images\ru1-2_high_contrast.png
gym1-2,output_images\gym1-2_original.png
gym1-2,output_images\gym1-2_bw.png
gym1-2,output_images\gym1-2_blurred.png
gym1-2,output_images\gym1-2_saturated.png
gym1-2,output_images\gym1-2_desaturated.png
gym1-2,output_images\gym1-2_rotated_left.png
gym1-2,output_images\gym1-2_rotated_right.png
gym1-2,output_images\gym1-2_zoom_in.png
gym1-2,output_images\gym1-2_zoom_out.png
gym1-2,output_images\gym1-2_noise.png
gym1-2,output_images\gym1-2_bright.png
gym1-2,output_images\gym1-2_random_rotation.png
gym1-2,output_images\gym1-2_translated.png
gym1-2,output_images\gym1-2_cropped.png
gym1-2,output_images\gym1-2_flipped_horizontal.png
gym1-2,output_images\gym1-2_high_contrast.png
xy5-2,output_images\xy5-2_original.png
xy5-2,output_images\xy5-2_bw.png
xy5-2,output_images\xy5-2_blurred.png
xy5-2,output_images\xy5-2_saturated.png
xy5-2,output_images\xy5-2_desaturated.png
xy5-2,output_images\xy5-2_rotated_left.png
xy5-2,output_images\xy5-2_rotated_right.png
xy5-2,output_images\xy5-2_zoom_in.png
xy5-2,output_images\xy5-2_zoom_out.png
xy5-2,output_images\xy5-2_noise.png
xy5-2,output_images\xy5-2_bright.png
xy5-2,output_images\xy5-2_random_rotation.png
xy5-2,output_images\xy5-2_translated.png
xy5-2,output_images\xy5-2_cropped.png
xy5-2,output_images\xy5-2_flipped_horizontal.png
xy5-2,output_images\xy5-2_high_contrast.png
ex7-2,output_images\ex7-2_original.png
ex7-2,output_images\ex7-2_bw.png
ex7-2,output_images\ex7-2_blurred.png
ex7-2,output_images\ex7-2_saturated.png
ex7-2,output_images\ex7-2_desaturated.png
ex7-2,output_images\ex7-2_rotated_left.png
ex7-2,output_images\ex7-2_rotated_right.png
ex7-2,output_images\ex7-2_zoom_in.png
ex7-2,output_images\ex7-2_zoom_out.png
ex7-2,output_images\ex7-2_noise.png
ex7-2,output_images\ex7-2_bright.png
ex7-2,output_images\ex7-2_random_rotation.png
ex7-2,output_images\ex7-2_translated.png
ex7-2,output_images\ex7-2_cropped.png
ex7-2,output_images\ex7-2_flipped_horizontal.png
ex7-2,output_images\ex7-2_high_contrast.png
det1-2,output_images\det1-2_original.png
det1-2,output_images\det1-2_bw.png
det1-2,output_images\det1-2_blurred.png
det1-2,output_images\det1-2_saturated.png
det1-2,output_images\det1-2_desaturated.png
det1-2,output_images\det1-2_rotated_left.png
det1-2,output_images\det1-2_rotated_right.png
det1-2,output_images\det1-2_zoom_in.png
det1-2,output_images\det1-2_zoom_out.png
det1-2,output_images\det1-2_noise.png
det1-2,output_images\det1-2_bright.png
det1-2,output_images\det1-2_random_rotation.png
det1-2,output_images\det1-2_translated.png
det1-2,output_images\det1-2_cropped.png
det1-2,output_images\det1-2_flipped_horizontal.png
det1-2,output_images\det1-2_high_contrast.png
mcd19-2,output_images\mcd19-2_original.png
mcd19-2,output_images\mcd19-2_bw.png
mcd19-2,output_images\mcd19-2_blurred.png
mcd19-2,output_images\mcd19-2_saturated.png
mcd19-2,output_images\mcd19-2_desaturated.png
mcd19-2,output_images\mcd19-2_rotated_left.png
mcd19-2,output_images\mcd19-2_rotated_right.png
mcd19-2,output_images\mcd19-2_zoom_in.png
mcd19-2,output_images\mcd19-2_zoom_out.png
mcd19-2,output_images\mcd19-2_noise.png
mcd19-2,output_images\mcd19-2_bright.png
mcd19-2,output_images\mcd19-2_random_rotation.png
mcd19-2,output_images\mcd19-2_translated.png
mcd19-2,output_images\mcd19-2_cropped.png
mcd19-2,output_images\mcd19-2_flipped_horizontal.png
mcd19-2,output_images\mcd19-2_high_contrast.png
ex12-2,output_images\ex12-2_original.png
ex12-2,output_images\ex12-2_bw.png
ex12-2,output_images\ex12-2_blurred.png
ex12-2,output_images\ex12-2_saturated.png
ex12-2,output_images\ex12-2_desaturated.png
ex12-2,output_images\ex12-2_rotated_left.png
ex12-2,output_images\ex12-2_rotated_right.png
ex12-2,output_images\ex12-2_zoom_in.png
ex12-2,output_images\ex12-2_zoom_out.png
ex12-2,output_images\ex12-2_noise.png
ex12-2,output_images\ex12-2_bright.png
ex12-2,output_images\ex12-2_random_rotation.png
ex12-2,output_images\ex12-2_translated.png
ex12-2,output_images\ex12-2_cropped.png
ex12-2,output_images\ex12-2_flipped_horizontal.png
ex12-2,output_images\ex12-2_high_contrast.png
hgss1-2,output_images\hgss1-2_original.png
hgss1-2,output_images\hgss1-2_bw.png
hgss1-2,output_images\hgss1-2_blurred.png
hgss1-2,output_images\hgss1-2_saturated.png
hgss1-2,output_images\hgss1-2_desaturated.png
hgss1-2,output_images\hgss1-2_rotated_left.png
hgss1-2,output_images\hgss1-2_rotated_right.png
hgss1-2,output_images\hgss1-2_zoom_in.png
hgss1-2,output_images\hgss1-2_zoom_out.png
hgss1-2,output_images\hgss1-2_noise.png
hgss1-2,output_images\hgss1-2_bright.png
hgss1-2,output_images\hgss1-2_random_rotation.png
hgss1-2,output_images\hgss1-2_translated.png
hgss1-2,output_images\hgss1-2_cropped.png
hgss1-2,output_images\hgss1-2_flipped_horizontal.png
hgss1-2,output_images\hgss1-2_high_contrast.png
ex14-1,output_images\ex14-1_original.png
ex14-1,output_images\ex14-1_bw.png
ex14-1,output_images\ex14-1_blurred.png
ex14-1,output_images\ex14-1_saturated.png
ex14-1,output_images\ex14-1_desaturated.png
ex14-1,output_images\ex14-1_rotated_left.png
ex14-1,output_images\ex14-1_rotated_right.png
ex14-1,output_images\ex14-1_zoom_in.png
ex14-1,output_images\ex14-1_zoom_out.png
ex14-1,output_images\ex14-1_noise.png
ex14-1,output_images\ex14-1_bright.png
ex14-1,output_images\ex14-1_random_rotation.png
ex14-1,output_images\ex14-1_translated.png
ex14-1,output_images\ex14-1_cropped.png
ex14-1,output_images\ex14-1_flipped_horizontal.png
ex14-1,output_images\ex14-1_high_contrast.png
xy11-1,output_images\xy11-1_original.png
xy11-1,output_images\xy11-1_bw.png
xy11-1,output_images\xy11-1_blurred.png
xy11-1,output_images\xy11-1_saturated.png
xy11-1,output_images\xy11-1_desaturated.png
xy11-1,output_images\xy11-1_rotated_left.png
xy11-1,output_images\xy11-1_rotated_right.png
xy11-1,output_images\xy11-1_zoom_in.png
xy11-1,output_images\xy11-1_zoom_out.png
xy11-1,output_images\xy11-1_noise.png
xy11-1,output_images\xy11-1_bright.png
xy11-1,output_images\xy11-1_random_rotation.png
xy11-1,output_images\xy11-1_translated.png
xy11-1,output_images\xy11-1_cropped.png
xy11-1,output_images\xy11-1_flipped_horizontal.png
xy11-1,output_images\xy11-1_high_contrast.png
sm12-1,output_images\sm12-1_original.png
sm12-1,output_images\sm12-1_bw.png
sm12-1,output_images\sm12-1_blurred.png
sm12-1,output_images\sm12-1_saturated.png
sm12-1,output_images\sm12-1_desaturated.png
sm12-1,output_images\sm12-1_rotated_left.png
sm12-1,output_images\sm12-1_rotated_right.png
sm12-1,output_images\sm12-1_zoom_in.png
sm12-1,output_images\sm12-1_zoom_out.png
sm12-1,output_images\sm12-1_noise.png
sm12-1,output_images\sm12-1_bright.png
sm12-1,output_images\sm12-1_random_rotation.png
sm12-1,output_images\sm12-1_translated.png
sm12-1,output_images\sm12-1_cropped.png
sm12-1,output_images\sm12-1_flipped_horizontal.png
sm12-1,output_images\sm12-1_high_contrast.png
swsh35-1,output_images\swsh35-1_original.png
swsh35-1,output_images\swsh35-1_bw.png
swsh35-1,output_images\swsh35-1_blurred.png
swsh35-1,output_images\swsh35-1_saturated.png
swsh35-1,output_images\swsh35-1_desaturated.png
swsh35-1,output_images\swsh35-1_rotated_left.png
swsh35-1,output_images\swsh35-1_rotated_right.png
swsh35-1,output_images\swsh35-1_zoom_in.png
swsh35-1,output_images\swsh35-1_zoom_out.png
swsh35-1,output_images\swsh35-1_noise.png
swsh35-1,output_images\swsh35-1_bright.png
swsh35-1,output_images\swsh35-1_random_rotation.png
swsh35-1,output_images\swsh35-1_translated.png
swsh35-1,output_images\swsh35-1_cropped.png
swsh35-1,output_images\swsh35-1_flipped_horizontal.png
swsh35-1,output_images\swsh35-1_high_contrast.png
sm3-1,output_images\sm3-1_original.png
sm3-1,output_images\sm3-1_bw.png
sm3-1,output_images\sm3-1_blurred.png
sm3-1,output_images\sm3-1_saturated.png
sm3-1,output_images\sm3-1_desaturated.png
sm3-1,output_images\sm3-1_rotated_left.png
sm3-1,output_images\sm3-1_rotated_right.png
sm3-1,output_images\sm3-1_zoom_in.png
sm3-1,output_images\sm3-1_zoom_out.png
sm3-1,output_images\sm3-1_noise.png
sm3-1,output_images\sm3-1_bright.png
sm3-1,output_images\sm3-1_random_rotation.png
sm3-1,output_images\sm3-1_translated.png
sm3-1,output_images\sm3-1_cropped.png
sm3-1,output_images\sm3-1_flipped_horizontal.png
sm3-1,output_images\sm3-1_high_contrast.png
xy7-1,output_images\xy7-1_original.png
xy7-1,output_images\xy7-1_bw.png
xy7-1,output_images\xy7-1_blurred.png
xy7-1,output_images\xy7-1_saturated.png
xy7-1,output_images\xy7-1_desaturated.png
xy7-1,output_images\xy7-1_rotated_left.png
xy7-1,output_images\xy7-1_rotated_right.png
xy7-1,output_images\xy7-1_zoom_in.png
xy7-1,output_images\xy7-1_zoom_out.png
xy7-1,output_images\xy7-1_noise.png
xy7-1,output_images\xy7-1_bright.png
xy7-1,output_images\xy7-1_random_rotation.png
xy7-1,output_images\xy7-1_translated.png
xy7-1,output_images\xy7-1_cropped.png
xy7-1,output_images\xy7-1_flipped_horizontal.png
xy7-1,output_images\xy7-1_high_contrast.png
ex9-1,output_images\ex9-1_original.png
ex9-1,output_images\ex9-1_bw.png
ex9-1,output_images\ex9-1_blurred.png
ex9-1,output_images\ex9-1_saturated.png
ex9-1,output_images\ex9-1_desaturated.png
ex9-1,output_images\ex9-1_rotated_left.png
ex9-1,output_images\ex9-1_rotated_right.png
ex9-1,output_images\ex9-1_zoom_in.png
ex9-1,output_images\ex9-1_zoom_out.png
ex9-1,output_images\ex9-1_noise.png
ex9-1,output_images\ex9-1_bright.png
ex9-1,output_images\ex9-1_random_rotation.png
ex9-1,output_images\ex9-1_translated.png
ex9-1,output_images\ex9-1_cropped.png
ex9-1,output_images\ex9-1_flipped_horizontal.png
ex9-1,output_images\ex9-1_high_contrast.png
sm115-1,output_images\sm115-1_original.png
sm115-1,output_images\sm115-1_bw.png
sm115-1,output_images\sm115-1_blurred.png
sm115-1,output_images\sm115-1_saturated.png
sm115-1,output_images\sm115-1_desaturated.png
sm115-1,output_images\sm115-1_rotated_left.png
sm115-1,output_images\sm115-1_rotated_right.png
sm115-1,output_images\sm115-1_zoom_in.png
sm115-1,output_images\sm115-1_zoom_out.png
sm115-1,output_images\sm115-1_noise.png
sm115-1,output_images\sm115-1_bright.png
sm115-1,output_images\sm115-1_random_rotation.png
sm115-1,output_images\sm115-1_translated.png
sm115-1,output_images\sm115-1_cropped.png
sm115-1,output_images\sm115-1_flipped_horizontal.png
sm115-1,output_images\sm115-1_high_contrast.png
sm1-1,output_images\sm1-1_original.png
sm1-1,output_images\sm1-1_bw.png
sm1-1,output_images\sm1-1_blurred.png
sm1-1,output_images\sm1-1_saturated.png
sm1-1,output_images\sm1-1_desaturated.png
sm1-1,output_images\sm1-1_rotated_left.png
sm1-1,output_images\sm1-1_rotated_right.png
sm1-1,output_images\sm1-1_zoom_in.png
sm1-1,output_images\sm1-1_zoom_out.png
sm1-1,output_images\sm1-1_noise.png
sm1-1,output_images\sm1-1_bright.png
sm1-1,output_images\sm1-1_random_rotation.png
sm1-1,output_images\sm1-1_translated.png
sm1-1,output_images\sm1-1_cropped.png
sm1-1,output_images\sm1-1_flipped_horizontal.png
sm1-1,output_images\sm1-1_high_contrast.png
dp1-1,output_images\dp1-1_original.png
dp1-1,output_images\dp1-1_bw.png
dp1-1,output_images\dp1-1_blurred.png
dp1-1,output_images\dp1-1_saturated.png
dp1-1,output_images\dp1-1_desaturated.png
dp1-1,output_images\dp1-1_rotated_left.png
dp1-1,output_images\dp1-1_rotated_right.png
dp1-1,output_images\dp1-1_zoom_in.png
dp1-1,output_images\dp1-1_zoom_out.png
dp1-1,output_images\dp1-1_noise.png
dp1-1,output_images\dp1-1_bright.png
dp1-1,output_images\dp1-1_random_rotation.png
dp1-1,output_images\dp1-1_translated.png
dp1-1,output_images\dp1-1_cropped.png
dp1-1,output_images\dp1-1_flipped_horizontal.png
dp1-1,output_images\dp1-1_high_contrast.png
pop7-1,output_images\pop7-1_original.png
pop7-1,output_images\pop7-1_bw.png
pop7-1,output_images\pop7-1_blurred.png
pop7-1,output_images\pop7-1_saturated.png
pop7-1,output_images\pop7-1_desaturated.png
pop7-1,output_images\pop7-1_rotated_left.png
pop7-1,output_images\pop7-1_rotated_right.png
pop7-1,output_images\pop7-1_zoom_in.png
pop7-1,output_images\pop7-1_zoom_out.png
pop7-1,output_images\pop7-1_noise.png
pop7-1,output_images\pop7-1_bright.png
pop7-1,output_images\pop7-1_random_rotation.png
pop7-1,output_images\pop7-1_translated.png
pop7-1,output_images\pop7-1_cropped.png
pop7-1,output_images\pop7-1_flipped_horizontal.png
pop7-1,output_images\pop7-1_high_contrast.png
si1-1,output_images\si1-1_original.png
si1-1,output_images\si1-1_bw.png
si1-1,output_images\si1-1_blurred.png
si1-1,output_images\si1-1_saturated.png
si1-1,output_images\si1-1_desaturated.png
si1-1,output_images\si1-1_rotated_left.png
si1-1,output_images\si1-1_rotated_right.png
si1-1,output_images\si1-1_zoom_in.png
si1-1,output_images\si1-1_zoom_out.png
si1-1,output_images\si1-1_noise.png
si1-1,output_images\si1-1_bright.png
si1-1,output_images\si1-1_random_rotation.png
si1-1,output_images\si1-1_translated.png
si1-1,output_images\si1-1_cropped.png
si1-1,output_images\si1-1_flipped_horizontal.png
si1-1,output_images\si1-1_high_contrast.png
col1-1,output_images\col1-1_original.png
col1-1,output_images\col1-1_bw.png
col1-1,output_images\col1-1_blurred.png
col1-1,output_images\col1-1_saturated.png
col1-1,output_images\col1-1_desaturated.png
col1-1,output_images\col1-1_rotated_left.png
col1-1,output_images\col1-1_rotated_right.png
col1-1,output_images\col1-1_zoom_in.png
col1-1,output_images\col1-1_zoom_out.png
col1-1,output_images\col1-1_noise.png
col1-1,output_images\col1-1_bright.png
col1-1,output_images\col1-1_random_rotation.png
col1-1,output_images\col1-1_translated.png
col1-1,output_images\col1-1_cropped.png
col1-1,output_images\col1-1_flipped_horizontal.png
col1-1,output_images\col1-1_high_contrast.png
bw1-1,output_images\bw1-1_original.png
bw1-1,output_images\bw1-1_bw.png
bw1-1,output_images\bw1-1_blurred.png
bw1-1,output_images\bw1-1_saturated.png
bw1-1,output_images\bw1-1_desaturated.png
bw1-1,output_images\bw1-1_rotated_left.png
bw1-1,output_images\bw1-1_rotated_right.png
bw1-1,output_images\bw1-1_zoom_in.png
bw1-1,output_images\bw1-1_zoom_out.png
bw1-1,output_images\bw1-1_noise.png
bw1-1,output_images\bw1-1_bright.png
bw1-1,output_images\bw1-1_random_rotation.png
bw1-1,output_images\bw1-1_translated.png
bw1-1,output_images\bw1-1_cropped.png
bw1-1,output_images\bw1-1_flipped_horizontal.png
bw1-1,output_images\bw1-1_high_contrast.png
ex13-1,output_images\ex13-1_original.png
ex13-1,output_images\ex13-1_bw.png
ex13-1,output_images\ex13-1_blurred.png
ex13-1,output_images\ex13-1_saturated.png
ex13-1,output_images\ex13-1_desaturated.png
ex13-1,output_images\ex13-1_rotated_left.png
ex13-1,output_images\ex13-1_rotated_right.png
ex13-1,output_images\ex13-1_zoom_in.png
ex13-1,output_images\ex13-1_zoom_out.png
ex13-1,output_images\ex13-1_noise.png
ex13-1,output_images\ex13-1_bright.png
ex13-1,output_images\ex13-1_random_rotation.png
ex13-1,output_images\ex13-1_translated.png
ex13-1,output_images\ex13-1_cropped.png
ex13-1,output_images\ex13-1_flipped_horizontal.png
ex13-1,output_images\ex13-1_high_contrast.png
gym2-1,output_images\gym2-1_original.png
gym2-1,output_images\gym2-1_bw.png
gym2-1,output_images\gym2-1_blurred.png
gym2-1,output_images\gym2-1_saturated.png
gym2-1,output_images\gym2-1_desaturated.png
gym2-1,output_images\gym2-1_rotated_left.png
gym2-1,output_images\gym2-1_rotated_right.png
gym2-1,output_images\gym2-1_zoom_in.png
gym2-1,output_images\gym2-1_zoom_out.png
gym2-1,output_images\gym2-1_noise.png
gym2-1,output_images\gym2-1_bright.png
gym2-1,output_images\gym2-1_random_rotation.png
gym2-1,output_images\gym2-1_translated.png
gym2-1,output_images\gym2-1_cropped.png
gym2-1,output_images\gym2-1_flipped_horizontal.png
gym2-1,output_images\gym2-1_high_contrast.png
bw10-1,output_images\bw10-1_original.png
bw10-1,output_images\bw10-1_bw.png
bw10-1,output_images\bw10-1_blurred.png
bw10-1,output_images\bw10-1_saturated.png
bw10-1,output_images\bw10-1_desaturated.png
bw10-1,output_images\bw10-1_rotated_left.png
bw10-1,output_images\bw10-1_rotated_right.png
bw10-1,output_images\bw10-1_zoom_in.png
bw10-1,output_images\bw10-1_zoom_out.png
bw10-1,output_images\bw10-1_noise.png
bw10-1,output_images\bw10-1_bright.png
bw10-1,output_images\bw10-1_random_rotation.png
bw10-1,output_images\bw10-1_translated.png
bw10-1,output_images\bw10-1_cropped.png
bw10-1,output_images\bw10-1_flipped_horizontal.png
bw10-1,output_images\bw10-1_high_contrast.png
dv1-2,output_images\dv1-2_original.png
dv1-2,output_images\dv1-2_bw.png
dv1-2,output_images\dv1-2_blurred.png
dv1-2,output_images\dv1-2_saturated.png
dv1-2,output_images\dv1-2_desaturated.png
dv1-2,output_images\dv1-2_rotated_left.png
dv1-2,output_images\dv1-2_rotated_right.png
dv1-2,output_images\dv1-2_zoom_in.png
dv1-2,output_images\dv1-2_zoom_out.png
dv1-2,output_images\dv1-2_noise.png
dv1-2,output_images\dv1-2_bright.png
dv1-2,output_images\dv1-2_random_rotation.png
dv1-2,output_images\dv1-2_translated.png
dv1-2,output_images\dv1-2_cropped.png
dv1-2,output_images\dv1-2_flipped_horizontal.png
dv1-2,output_images\dv1-2_high_contrast.png
bw10-2,output_images\bw10-2_original.png
bw10-2,output_images\bw10-2_bw.png
bw10-2,output_images\bw10-2_blurred.png
bw10-2,output_images\bw10-2_saturated.png
bw10-2,output_images\bw10-2_desaturated.png
bw10-2,output_images\bw10-2_rotated_left.png
bw10-2,output_images\bw10-2_rotated_right.png
bw10-2,output_images\bw10-2_zoom_in.png
bw10-2,output_images\bw10-2_zoom_out.png
bw10-2,output_images\bw10-2_noise.png
bw10-2,output_images\bw10-2_bright.png
bw10-2,output_images\bw10-2_random_rotation.png
bw10-2,output_images\bw10-2_translated.png
bw10-2,output_images\bw10-2_cropped.png
bw10-2,output_images\bw10-2_flipped_horizontal.png
bw10-2,output_images\bw10-2_high_contrast.png
si1-2,output_images\si1-2_original.png
si1-2,output_images\si1-2_bw.png
si1-2,output_images\si1-2_blurred.png
si1-2,output_images\si1-2_saturated.png
si1-2,output_images\si1-2_desaturated.png
si1-2,output_images\si1-2_rotated_left.png
si1-2,output_images\si1-2_rotated_right.png
si1-2,output_images\si1-2_zoom_in.png
si1-2,output_images\si1-2_zoom_out.png
si1-2,output_images\si1-2_noise.png
si1-2,output_images\si1-2_bright.png
si1-2,output_images\si1-2_random_rotation.png
si1-2,output_images\si1-2_translated.png
si1-2,output_images\si1-2_cropped.png
si1-2,output_images\si1-2_flipped_horizontal.png
si1-2,output_images\si1-2_high_contrast.png
ex11-3,output_images\ex11-3_original.png
ex11-3,output_images\ex11-3_bw.png
ex11-3,output_images\ex11-3_blurred.png
ex11-3,output_images\ex11-3_saturated.png
ex11-3,output_images\ex11-3_desaturated.png
ex11-3,output_images\ex11-3_rotated_left.png
ex11-3,output_images\ex11-3_rotated_right.png
ex11-3,output_images\ex11-3_zoom_in.png
ex11-3,output_images\ex11-3_zoom_out.png
ex11-3,output_images\ex11-3_noise.png
ex11-3,output_images\ex11-3_bright.png
ex11-3,output_images\ex11-3_random_rotation.png
ex11-3,output_images\ex11-3_translated.png
ex11-3,output_images\ex11-3_cropped.png
ex11-3,output_images\ex11-3_flipped_horizontal.png
ex11-3,output_images\ex11-3_high_contrast.png
bw1-2,output_images\bw1-2_original.png
bw1-2,output_images\bw1-2_bw.png
bw1-2,output_images\bw1-2_blurred.png
bw1-2,output_images\bw1-2_saturated.png
bw1-2,output_images\bw1-2_desaturated.png
bw1-2,output_images\bw1-2_rotated_left.png
bw1-2,output_images\bw1-2_rotated_right.png
bw1-2,output_images\bw1-2_zoom_in.png
bw1-2,output_images\bw1-2_zoom_out.png
bw1-2,output_images\bw1-2_noise.png
bw1-2,output_images\bw1-2_bright.png
bw1-2,output_images\bw1-2_random_rotation.png
bw1-2,output_images\bw1-2_translated.png
bw1-2,output_images\bw1-2_cropped.png
bw1-2,output_images\bw1-2_flipped_horizontal.png
bw1-2,output_images\bw1-2_high_contrast.png
dv1-3,output_images\dv1-3_original.png
dv1-3,output_images\dv1-3_bw.png
dv1-3,output_images\dv1-3_blurred.png
dv1-3,output_images\dv1-3_saturated.png
dv1-3,output_images\dv1-3_desaturated.png
dv1-3,output_images\dv1-3_rotated_left.png
dv1-3,output_images\dv1-3_rotated_right.png
dv1-3,output_images\dv1-3_zoom_in.png
dv1-3,output_images\dv1-3_zoom_out.png
dv1-3,output_images\dv1-3_noise.png
dv1-3,output_images\dv1-3_bright.png
dv1-3,output_images\dv1-3_random_rotation.png
dv1-3,output_images\dv1-3_translated.png
dv1-3,output_images\dv1-3_cropped.png
dv1-3,output_images\dv1-3_flipped_horizontal.png
dv1-3,output_images\dv1-3_high_contrast.png
pl3-3,output_images\pl3-3_original.png
pl3-3,output_images\pl3-3_bw.png
pl3-3,output_images\pl3-3_blurred.png
pl3-3,output_images\pl3-3_saturated.png
pl3-3,output_images\pl3-3_desaturated.png
pl3-3,output_images\pl3-3_rotated_left.png
pl3-3,output_images\pl3-3_rotated_right.png
pl3-3,output_images\pl3-3_zoom_in.png
pl3-3,output_images\pl3-3_zoom_out.png
pl3-3,output_images\pl3-3_noise.png
pl3-3,output_images\pl3-3_bright.png
pl3-3,output_images\pl3-3_random_rotation.png
pl3-3,output_images\pl3-3_translated.png
pl3-3,output_images\pl3-3_cropped.png
pl3-3,output_images\pl3-3_flipped_horizontal.png
pl3-3,output_images\pl3-3_high_contrast.png
xy2-3,output_images\xy2-3_original.png
xy2-3,output_images\xy2-3_bw.png
xy2-3,output_images\xy2-3_blurred.png
xy2-3,output_images\xy2-3_saturated.png
xy2-3,output_images\xy2-3_desaturated.png
xy2-3,output_images\xy2-3_rotated_left.png
xy2-3,output_images\xy2-3_rotated_right.png
xy2-3,output_images\xy2-3_zoom_in.png
xy2-3,output_images\xy2-3_zoom_out.png
xy2-3,output_images\xy2-3_noise.png
xy2-3,output_images\xy2-3_bright.png
xy2-3,output_images\xy2-3_random_rotation.png
xy2-3,output_images\xy2-3_translated.png
xy2-3,output_images\xy2-3_cropped.png
xy2-3,output_images\xy2-3_flipped_horizontal.png
xy2-3,output_images\xy2-3_high_contrast.png
ex12-3,output_images\ex12-3_original.png
ex12-3,output_images\ex12-3_bw.png
ex12-3,output_images\ex12-3_blurred.png
ex12-3,output_images\ex12-3_saturated.png
ex12-3,output_images\ex12-3_desaturated.png
ex12-3,output_images\ex12-3_rotated_left.png
ex12-3,output_images\ex12-3_rotated_right.png
ex12-3,output_images\ex12-3_zoom_in.png
ex12-3,output_images\ex12-3_zoom_out.png
ex12-3,output_images\ex12-3_noise.png
ex12-3,output_images\ex12-3_bright.png
ex12-3,output_images\ex12-3_random_rotation.png
ex12-3,output_images\ex12-3_translated.png
ex12-3,output_images\ex12-3_cropped.png
ex12-3,output_images\ex12-3_flipped_horizontal.png
ex12-3,output_images\ex12-3_high_contrast.png
swsh35-2,output_images\swsh35-2_original.png
swsh35-2,output_images\swsh35-2_bw.png
swsh35-2,output_images\swsh35-2_blurred.png
swsh35-2,output_images\swsh35-2_saturated.png
swsh35-2,output_images\swsh35-2_desaturated.png
swsh35-2,output_images\swsh35-2_rotated_left.png
swsh35-2,output_images\swsh35-2_rotated_right.png
swsh35-2,output_images\swsh35-2_zoom_in.png
swsh35-2,output_images\swsh35-2_zoom_out.png
swsh35-2,output_images\swsh35-2_noise.png
swsh35-2,output_images\swsh35-2_bright.png
swsh35-2,output_images\swsh35-2_random_rotation.png
swsh35-2,output_images\swsh35-2_translated.png
swsh35-2,output_images\swsh35-2_cropped.png
swsh35-2,output_images\swsh35-2_flipped_horizontal.png
swsh35-2,output_images\swsh35-2_high_contrast.png
det1-3,output_images\det1-3_original.png
det1-3,output_images\det1-3_bw.png
det1-3,output_images\det1-3_blurred.png
det1-3,output_images\det1-3_saturated.png
det1-3,output_images\det1-3_desaturated.png
det1-3,output_images\det1-3_rotated_left.png
det1-3,output_images\det1-3_rotated_right.png
det1-3,output_images\det1-3_zoom_in.png
det1-3,output_images\det1-3_zoom_out.png
det1-3,output_images\det1-3_noise.png
det1-3,output_images\det1-3_bright.png
det1-3,output_images\det1-3_random_rotation.png
det1-3,output_images\det1-3_translated.png
det1-3,output_images\det1-3_cropped.png
det1-3,output_images\det1-3_flipped_horizontal.png
det1-3,output_images\det1-3_high_contrast.png
base3-3,output_images\base3-3_original.png
base3-3,output_images\base3-3_bw.png
base3-3,output_images\base3-3_blurred.png
base3-3,output_images\base3-3_saturated.png
base3-3,output_images\base3-3_desaturated.png
base3-3,output_images\base3-3_rotated_left.png
base3-3,output_images\base3-3_rotated_right.png
base3-3,output_images\base3-3_zoom_in.png
base3-3,output_images\base3-3_zoom_out.png
base3-3,output_images\base3-3_noise.png
base3-3,output_images\base3-3_bright.png
base3-3,output_images\base3-3_random_rotation.png
base3-3,output_images\base3-3_translated.png
base3-3,output_images\base3-3_cropped.png
base3-3,output_images\base3-3_flipped_horizontal.png
base3-3,output_images\base3-3_high_contrast.png
xy7-2,output_images\xy7-2_original.png
xy7-2,output_images\xy7-2_bw.png
xy7-2,output_images\xy7-2_blurred.png
xy7-2,output_images\xy7-2_saturated.png
xy7-2,output_images\xy7-2_desaturated.png
xy7-2,output_images\xy7-2_rotated_left.png
xy7-2,output_images\xy7-2_rotated_right.png
xy7-2,output_images\xy7-2_zoom_in.png
xy7-2,output_images\xy7-2_zoom_out.png
xy7-2,output_images\xy7-2_noise.png
xy7-2,output_images\xy7-2_bright.png
xy7-2,output_images\xy7-2_random_rotation.png
xy7-2,output_images\xy7-2_translated.png
xy7-2,output_images\xy7-2_cropped.png
xy7-2,output_images\xy7-2_flipped_horizontal.png
xy7-2,output_images\xy7-2_high_contrast.png
sm9-3,output_images\sm9-3_original.png
sm9-3,output_images\sm9-3_bw.png
sm9-3,output_images\sm9-3_blurred.png
sm9-3,output_images\sm9-3_saturated.png
sm9-3,output_images\sm9-3_desaturated.png
sm9-3,output_images\sm9-3_rotated_left.png
sm9-3,output_images\sm9-3_rotated_right.png
sm9-3,output_images\sm9-3_zoom_in.png
sm9-3,output_images\sm9-3_zoom_out.png
sm9-3,output_images\sm9-3_noise.png
sm9-3,output_images\sm9-3_bright.png
sm9-3,output_images\sm9-3_random_rotation.png
sm9-3,output_images\sm9-3_translated.png
sm9-3,output_images\sm9-3_cropped.png
sm9-3,output_images\sm9-3_flipped_horizontal.png
sm9-3,output_images\sm9-3_high_contrast.png
ex3-3,output_images\ex3-3_original.png
ex3-3,output_images\ex3-3_bw.png
ex3-3,output_images\ex3-3_blurred.png
ex3-3,output_images\ex3-3_saturated.png
ex3-3,output_images\ex3-3_desaturated.png
ex3-3,output_images\ex3-3_rotated_left.png
ex3-3,output_images\ex3-3_rotated_right.png
ex3-3,output_images\ex3-3_zoom_in.png
ex3-3,output_images\ex3-3_zoom_out.png
ex3-3,output_images\ex3-3_noise.png
ex3-3,output_images\ex3-3_bright.png
ex3-3,output_images\ex3-3_random_rotation.png
ex3-3,output_images\ex3-3_translated.png
ex3-3,output_images\ex3-3_cropped.png
ex3-3,output_images\ex3-3_flipped_horizontal.png
ex3-3,output_images\ex3-3_high_contrast.png
gym2-2,output_images\gym2-2_original.png
gym2-2,output_images\gym2-2_bw.png
gym2-2,output_images\gym2-2_blurred.png
gym2-2,output_images\gym2-2_saturated.png
gym2-2,output_images\gym2-2_desaturated.png
gym2-2,output_images\gym2-2_rotated_left.png
gym2-2,output_images\gym2-2_rotated_right.png
gym2-2,output_images\gym2-2_zoom_in.png
gym2-2,output_images\gym2-2_zoom_out.png
gym2-2,output_images\gym2-2_noise.png
gym2-2,output_images\gym2-2_bright.png
gym2-2,output_images\gym2-2_random_rotation.png
gym2-2,output_images\gym2-2_translated.png
gym2-2,output_images\gym2-2_cropped.png
gym2-2,output_images\gym2-2_flipped_horizontal.png
gym2-2,output_images\gym2-2_high_contrast.png
ex9-2,output_images\ex9-2_original.png
ex9-2,output_images\ex9-2_bw.png
ex9-2,output_images\ex9-2_blurred.png
ex9-2,output_images\ex9-2_saturated.png
ex9-2,output_images\ex9-2_desaturated.png
ex9-2,output_images\ex9-2_rotated_left.png
ex9-2,output_images\ex9-2_rotated_right.png
ex9-2,output_images\ex9-2_zoom_in.png
ex9-2,output_images\ex9-2_zoom_out.png
ex9-2,output_images\ex9-2_noise.png
ex9-2,output_images\ex9-2_bright.png
ex9-2,output_images\ex9-2_random_rotation.png
ex9-2,output_images\ex9-2_translated.png
ex9-2,output_images\ex9-2_cropped.png
ex9-2,output_images\ex9-2_flipped_horizontal.png
ex9-2,output_images\ex9-2_high_contrast.png
pl1-3,output_images\pl1-3_original.png
pl1-3,output_images\pl1-3_bw.png
pl1-3,output_images\pl1-3_blurred.png
pl1-3,output_images\pl1-3_saturated.png
pl1-3,output_images\pl1-3_desaturated.png
pl1-3,output_images\pl1-3_rotated_left.png
pl1-3,output_images\pl1-3_rotated_right.png
pl1-3,output_images\pl1-3_zoom_in.png
pl1-3,output_images\pl1-3_zoom_out.png
pl1-3,output_images\pl1-3_noise.png
pl1-3,output_images\pl1-3_bright.png
pl1-3,output_images\pl1-3_random_rotation.png
pl1-3,output_images\pl1-3_translated.png
pl1-3,output_images\pl1-3_cropped.png
pl1-3,output_images\pl1-3_flipped_horizontal.png
pl1-3,output_images\pl1-3_high_contrast.png
hgss1-3,output_images\hgss1-3_original.png
hgss1-3,output_images\hgss1-3_bw.png
hgss1-3,output_images\hgss1-3_blurred.png
hgss1-3,output_images\hgss1-3_saturated.png
hgss1-3,output_images\hgss1-3_desaturated.png
hgss1-3,output_images\hgss1-3_rotated_left.png
hgss1-3,output_images\hgss1-3_rotated_right.png
hgss1-3,output_images\hgss1-3_zoom_in.png
hgss1-3,output_images\hgss1-3_zoom_out.png
hgss1-3,output_images\hgss1-3_noise.png
hgss1-3,output_images\hgss1-3_bright.png
hgss1-3,output_images\hgss1-3_random_rotation.png
hgss1-3,output_images\hgss1-3_translated.png
hgss1-3,output_images\hgss1-3_cropped.png
hgss1-3,output_images\hgss1-3_flipped_horizontal.png
hgss1-3,output_images\hgss1-3_high_contrast.png
ecard2-H3,output_images\ecard2-H3_original.png
ecard2-H3,output_images\ecard2-H3_bw.png
ecard2-H3,output_images\ecard2-H3_blurred.png
ecard2-H3,output_images\ecard2-H3_saturated.png
ecard2-H3,output_images\ecard2-H3_desaturated.png
ecard2-H3,output_images\ecard2-H3_rotated_left.png
ecard2-H3,output_images\ecard2-H3_rotated_right.png
ecard2-H3,output_images\ecard2-H3_zoom_in.png
ecard2-H3,output_images\ecard2-H3_zoom_out.png
ecard2-H3,output_images\ecard2-H3_noise.png
ecard2-H3,output_images\ecard2-H3_bright.png
ecard2-H3,output_images\ecard2-H3_random_rotation.png
ecard2-H3,output_images\ecard2-H3_translated.png
ecard2-H3,output_images\ecard2-H3_cropped.png
ecard2-H3,output_images\ecard2-H3_flipped_horizontal.png
ecard2-H3,output_images\ecard2-H3_high_contrast.png
ex7-3,output_images\ex7-3_original.png
ex7-3,output_images\ex7-3_bw.png
ex7-3,output_images\ex7-3_blurred.png
ex7-3,output_images\ex7-3_saturated.png
ex7-3,output_images\ex7-3_desaturated.png
ex7-3,output_images\ex7-3_rotated_left.png
ex7-3,output_images\ex7-3_rotated_right.png
ex7-3,output_images\ex7-3_zoom_in.png
ex7-3,output_images\ex7-3_zoom_out.png
ex7-3,output_images\ex7-3_noise.png
ex7-3,output_images\ex7-3_bright.png
ex7-3,output_images\ex7-3_random_rotation.png
ex7-3,output_images\ex7-3_translated.png
ex7-3,output_images\ex7-3_cropped.png
ex7-3,output_images\ex7-3_flipped_horizontal.png
ex7-3,output_images\ex7-3_high_contrast.png
xy5-3,output_images\xy5-3_original.png
xy5-3,output_images\xy5-3_bw.png
xy5-3,output_images\xy5-3_blurred.png
xy5-3,output_images\xy5-3_saturated.png
xy5-3,output_images\xy5-3_desaturated.png
xy5-3,output_images\xy5-3_rotated_left.png
xy5-3,output_images\xy5-3_rotated_right.png
xy5-3,output_images\xy5-3_zoom_in.png
xy5-3,output_images\xy5-3_zoom_out.png
xy5-3,output_images\xy5-3_noise.png
xy5-3,output_images\xy5-3_bright.png
xy5-3,output_images\xy5-3_random_rotation.png
xy5-3,output_images\xy5-3_translated.png
xy5-3,output_images\xy5-3_cropped.png
xy5-3,output_images\xy5-3_flipped_horizontal.png
xy5-3,output_images\xy5-3_high_contrast.png
sm12-2,output_images\sm12-2_original.png
sm12-2,output_images\sm12-2_bw.png
sm12-2,output_images\sm12-2_blurred.png
sm12-2,output_images\sm12-2_saturated.png
sm12-2,output_images\sm12-2_desaturated.png
sm12-2,output_images\sm12-2_rotated_left.png
sm12-2,output_images\sm12-2_rotated_right.png
sm12-2,output_images\sm12-2_zoom_in.png
sm12-2,output_images\sm12-2_zoom_out.png
sm12-2,output_images\sm12-2_noise.png
sm12-2,output_images\sm12-2_bright.png
sm12-2,output_images\sm12-2_random_rotation.png
sm12-2,output_images\sm12-2_translated.png
sm12-2,output_images\sm12-2_cropped.png
sm12-2,output_images\sm12-2_flipped_horizontal.png
sm12-2,output_images\sm12-2_high_contrast.png
ru1-3,output_images\ru1-3_original.png
ru1-3,output_images\ru1-3_bw.png
ru1-3,output_images\ru1-3_blurred.png
ru1-3,output_images\ru1-3_saturated.png
ru1-3,output_images\ru1-3_desaturated.png
ru1-3,output_images\ru1-3_rotated_left.png
ru1-3,output_images\ru1-3_rotated_right.png
ru1-3,output_images\ru1-3_zoom_in.png
ru1-3,output_images\ru1-3_zoom_out.png
ru1-3,output_images\ru1-3_noise.png
ru1-3,output_images\ru1-3_bright.png
ru1-3,output_images\ru1-3_random_rotation.png
ru1-3,output_images\ru1-3_translated.png
ru1-3,output_images\ru1-3_cropped.png
ru1-3,output_images\ru1-3_flipped_horizontal.png
ru1-3,output_images\ru1-3_high_contrast.png
ex13-2,output_images\ex13-2_original.png
ex13-2,output_images\ex13-2_bw.png
ex13-2,output_images\ex13-2_blurred.png
ex13-2,output_images\ex13-2_saturated.png
ex13-2,output_images\ex13-2_desaturated.png
ex13-2,output_images\ex13-2_rotated_left.png
ex13-2,output_images\ex13-2_rotated_right.png
ex13-2,output_images\ex13-2_zoom_in.png
ex13-2,output_images\ex13-2_zoom_out.png
ex13-2,output_images\ex13-2_noise.png
ex13-2,output_images\ex13-2_bright.png
ex13-2,output_images\ex13-2_random_rotation.png
ex13-2,output_images\ex13-2_translated.png
ex13-2,output_images\ex13-2_cropped.png
ex13-2,output_images\ex13-2_flipped_horizontal.png
ex13-2,output_images\ex13-2_high_contrast.png
mcd19-3,output_images\mcd19-3_original.png
mcd19-3,output_images\mcd19-3_bw.png
mcd19-3,output_images\mcd19-3_blurred.png
mcd19-3,output_images\mcd19-3_saturated.png
mcd19-3,output_images\mcd19-3_desaturated.png
mcd19-3,output_images\mcd19-3_rotated_left.png
mcd19-3,output_images\mcd19-3_rotated_right.png
mcd19-3,output_images\mcd19-3_zoom_in.png
mcd19-3,output_images\mcd19-3_zoom_out.png
mcd19-3,output_images\mcd19-3_noise.png
mcd19-3,output_images\mcd19-3_bright.png
mcd19-3,output_images\mcd19-3_random_rotation.png
mcd19-3,output_images\mcd19-3_translated.png
mcd19-3,output_images\mcd19-3_cropped.png
mcd19-3,output_images\mcd19-3_flipped_horizontal.png
mcd19-3,output_images\mcd19-3_high_contrast.png
col1-2,output_images\col1-2_original.png
col1-2,output_images\col1-2_bw.png
col1-2,output_images\col1-2_blurred.png
col1-2,output_images\col1-2_saturated.png
col1-2,output_images\col1-2_desaturated.png
col1-2,output_images\col1-2_rotated_left.png
col1-2,output_images\col1-2_rotated_right.png
col1-2,output_images\col1-2_zoom_in.png
col1-2,output_images\col1-2_zoom_out.png
col1-2,output_images\col1-2_noise.png
col1-2,output_images\col1-2_bright.png
col1-2,output_images\col1-2_random_rotation.png
col1-2,output_images\col1-2_translated.png
col1-2,output_images\col1-2_cropped.png
col1-2,output_images\col1-2_flipped_horizontal.png
col1-2,output_images\col1-2_high_contrast.png
pop6-3,output_images\pop6-3_original.png
pop6-3,output_images\pop6-3_bw.png
pop6-3,output_images\pop6-3_blurred.png
pop6-3,output_images\pop6-3_saturated.png
pop6-3,output_images\pop6-3_desaturated.png
pop6-3,output_images\pop6-3_rotated_left.png
pop6-3,output_images\pop6-3_rotated_right.png
pop6-3,output_images\pop6-3_zoom_in.png
pop6-3,output_images\pop6-3_zoom_out.png
pop6-3,output_images\pop6-3_noise.png
pop6-3,output_images\pop6-3_bright.png
pop6-3,output_images\pop6-3_random_rotation.png
pop6-3,output_images\pop6-3_translated.png
pop6-3,output_images\pop6-3_cropped.png
pop6-3,output_images\pop6-3_flipped_horizontal.png
pop6-3,output_images\pop6-3_high_contrast.png
base4-3,output_images\base4-3_original.png
base4-3,output_images\base4-3_bw.png
base4-3,output_images\base4-3_blurred.png
base4-3,output_images\base4-3_saturated.png
base4-3,output_images\base4-3_desaturated.png
base4-3,output_images\base4-3_rotated_left.png
base4-3,output_images\base4-3_rotated_right.png
base4-3,output_images\base4-3_zoom_in.png
base4-3,output_images\base4-3_zoom_out.png
base4-3,output_images\base4-3_noise.png
base4-3,output_images\base4-3_bright.png
base4-3,output_images\base4-3_random_rotation.png
base4-3,output_images\base4-3_translated.png
base4-3,output_images\base4-3_cropped.png
base4-3,output_images\base4-3_flipped_horizontal.png
base4-3,output_images\base4-3_high_contrast.png
hgss4-3,output_images\hgss4-3_original.png
hgss4-3,output_images\hgss4-3_bw.png
hgss4-3,output_images\hgss4-3_blurred.png
hgss4-3,output_images\hgss4-3_saturated.png
hgss4-3,output_images\hgss4-3_desaturated.png
hgss4-3,output_images\hgss4-3_rotated_left.png
hgss4-3,output_images\hgss4-3_rotated_right.png
hgss4-3,output_images\hgss4-3_zoom_in.png
hgss4-3,output_images\hgss4-3_zoom_out.png
hgss4-3,output_images\hgss4-3_noise.png
hgss4-3,output_images\hgss4-3_bright.png
hgss4-3,output_images\hgss4-3_random_rotation.png
hgss4-3,output_images\hgss4-3_translated.png
hgss4-3,output_images\hgss4-3_cropped.png
hgss4-3,output_images\hgss4-3_flipped_horizontal.png
hgss4-3,output_images\hgss4-3_high_contrast.png
pop7-2,output_images\pop7-2_original.png
pop7-2,output_images\pop7-2_bw.png
pop7-2,output_images\pop7-2_blurred.png
pop7-2,output_images\pop7-2_saturated.png
pop7-2,output_images\pop7-2_desaturated.png
pop7-2,output_images\pop7-2_rotated_left.png
pop7-2,output_images\pop7-2_rotated_right.png
pop7-2,output_images\pop7-2_zoom_in.png
pop7-2,output_images\pop7-2_zoom_out.png
pop7-2,output_images\pop7-2_noise.png
pop7-2,output_images\pop7-2_bright.png
pop7-2,output_images\pop7-2_random_rotation.png
pop7-2,output_images\pop7-2_translated.png
pop7-2,output_images\pop7-2_cropped.png
pop7-2,output_images\pop7-2_flipped_horizontal.png
pop7-2,output_images\pop7-2_high_contrast.png
xy11-2,output_images\xy11-2_original.png
xy11-2,output_images\xy11-2_bw.png
xy11-2,output_images\xy11-2_blurred.png
xy11-2,output_images\xy11-2_saturated.png
xy11-2,output_images\xy11-2_desaturated.png
xy11-2,output_images\xy11-2_rotated_left.png
xy11-2,output_images\xy11-2_rotated_right.png
xy11-2,output_images\xy11-2_zoom_in.png
xy11-2,output_images\xy11-2_zoom_out.png
xy11-2,output_images\xy11-2_noise.png
xy11-2,output_images\xy11-2_bright.png
xy11-2,output_images\xy11-2_random_rotation.png
xy11-2,output_images\xy11-2_translated.png
xy11-2,output_images\xy11-2_cropped.png
xy11-2,output_images\xy11-2_flipped_horizontal.png
xy11-2,output_images\xy11-2_high_contrast.png
sm2-1,output_images\sm2-1_original.png
sm2-1,output_images\sm2-1_bw.png
sm2-1,output_images\sm2-1_blurred.png
sm2-1,output_images\sm2-1_saturated.png
sm2-1,output_images\sm2-1_desaturated.png
sm2-1,output_images\sm2-1_rotated_left.png
sm2-1,output_images\sm2-1_rotated_right.png
sm2-1,output_images\sm2-1_zoom_in.png
sm2-1,output_images\sm2-1_zoom_out.png
sm2-1,output_images\sm2-1_noise.png
sm2-1,output_images\sm2-1_bright.png
sm2-1,output_images\sm2-1_random_rotation.png
sm2-1,output_images\sm2-1_translated.png
sm2-1,output_images\sm2-1_cropped.png
sm2-1,output_images\sm2-1_flipped_horizontal.png
sm2-1,output_images\sm2-1_high_contrast.png
dp3-3,output_images\dp3-3_original.png
dp3-3,output_images\dp3-3_bw.png
dp3-3,output_images\dp3-3_blurred.png
dp3-3,output_images\dp3-3_saturated.png
dp3-3,output_images\dp3-3_desaturated.png
dp3-3,output_images\dp3-3_rotated_left.png
dp3-3,output_images\dp3-3_rotated_right.png
dp3-3,output_images\dp3-3_zoom_in.png
dp3-3,output_images\dp3-3_zoom_out.png
dp3-3,output_images\dp3-3_noise.png
dp3-3,output_images\dp3-3_bright.png
dp3-3,output_images\dp3-3_random_rotation.png
dp3-3,output_images\dp3-3_translated.png
dp3-3,output_images\dp3-3_cropped.png
dp3-3,output_images\dp3-3_flipped_horizontal.png
dp3-3,output_images\dp3-3_high_contrast.png
sm115-2,output_images\sm115-2_original.png
sm115-2,output_images\sm115-2_bw.png
sm115-2,output_images\sm115-2_blurred.png
sm115-2,output_images\sm115-2_saturated.png
sm115-2,output_images\sm115-2_desaturated.png
sm115-2,output_images\sm115-2_rotated_left.png
sm115-2,output_images\sm115-2_rotated_right.png
sm115-2,output_images\sm115-2_zoom_in.png
sm115-2,output_images\sm115-2_zoom_out.png
sm115-2,output_images\sm115-2_noise.png
sm115-2,output_images\sm115-2_bright.png
sm115-2,output_images\sm115-2_random_rotation.png
sm115-2,output_images\sm115-2_translated.png
sm115-2,output_images\sm115-2_cropped.png
sm115-2,output_images\sm115-2_flipped_horizontal.png
sm115-2,output_images\sm115-2_high_contrast.png
sm1-2,output_images\sm1-2_original.png
sm1-2,output_images\sm1-2_bw.png
sm1-2,output_images\sm1-2_blurred.png
sm1-2,output_images\sm1-2_saturated.png
sm1-2,output_images\sm1-2_desaturated.png
sm1-2,output_images\sm1-2_rotated_left.png
sm1-2,output_images\sm1-2_rotated_right.png
sm1-2,output_images\sm1-2_zoom_in.png
sm1-2,output_images\sm1-2_zoom_out.png
sm1-2,output_images\sm1-2_noise.png
sm1-2,output_images\sm1-2_bright.png
sm1-2,output_images\sm1-2_random_rotation.png
sm1-2,output_images\sm1-2_translated.png
sm1-2,output_images\sm1-2_cropped.png
sm1-2,output_images\sm1-2_flipped_horizontal.png
sm1-2,output_images\sm1-2_high_contrast.png
gym1-3,output_images\gym1-3_original.png
gym1-3,output_images\gym1-3_bw.png
gym1-3,output_images\gym1-3_blurred.png
gym1-3,output_images\gym1-3_saturated.png
gym1-3,output_images\gym1-3_desaturated.png
gym1-3,output_images\gym1-3_rotated_left.png
gym1-3,output_images\gym1-3_rotated_right.png
gym1-3,output_images\gym1-3_zoom_in.png
gym1-3,output_images\gym1-3_zoom_out.png
gym1-3,output_images\gym1-3_noise.png
gym1-3,output_images\gym1-3_bright.png
gym1-3,output_images\gym1-3_random_rotation.png
gym1-3,output_images\gym1-3_translated.png
gym1-3,output_images\gym1-3_cropped.png
gym1-3,output_images\gym1-3_flipped_horizontal.png
gym1-3,output_images\gym1-3_high_contrast.png
hgss2-1,output_images\hgss2-1_original.png
hgss2-1,output_images\hgss2-1_bw.png
hgss2-1,output_images\hgss2-1_blurred.png
hgss2-1,output_images\hgss2-1_saturated.png
hgss2-1,output_images\hgss2-1_desaturated.png
hgss2-1,output_images\hgss2-1_rotated_left.png
hgss2-1,output_images\hgss2-1_rotated_right.png
hgss2-1,output_images\hgss2-1_zoom_in.png
hgss2-1,output_images\hgss2-1_zoom_out.png
hgss2-1,output_images\hgss2-1_noise.png
hgss2-1,output_images\hgss2-1_bright.png
hgss2-1,output_images\hgss2-1_random_rotation.png
hgss2-1,output_images\hgss2-1_translated.png
hgss2-1,output_images\hgss2-1_cropped.png
hgss2-1,output_images\hgss2-1_flipped_horizontal.png
hgss2-1,output_images\hgss2-1_high_contrast.png
pop5-1,output_images\pop5-1_original.png
pop5-1,output_images\pop5-1_bw.png
pop5-1,output_images\pop5-1_blurred.png
pop5-1,output_images\pop5-1_saturated.png
pop5-1,output_images\pop5-1_desaturated.png
pop5-1,output_images\pop5-1_rotated_left.png
pop5-1,output_images\pop5-1_rotated_right.png
pop5-1,output_images\pop5-1_zoom_in.png
pop5-1,output_images\pop5-1_zoom_out.png
pop5-1,output_images\pop5-1_noise.png
pop5-1,output_images\pop5-1_bright.png
pop5-1,output_images\pop5-1_random_rotation.png
pop5-1,output_images\pop5-1_translated.png
pop5-1,output_images\pop5-1_cropped.png
pop5-1,output_images\pop5-1_flipped_horizontal.png
pop5-1,output_images\pop5-1_high_contrast.png
bw5-1,output_images\bw5-1_original.png
bw5-1,output_images\bw5-1_bw.png
bw5-1,output_images\bw5-1_blurred.png
bw5-1,output_images\bw5-1_saturated.png
bw5-1,output_images\bw5-1_desaturated.png
bw5-1,output_images\bw5-1_rotated_left.png
bw5-1,output_images\bw5-1_rotated_right.png
bw5-1,output_images\bw5-1_zoom_in.png
bw5-1,output_images\bw5-1_zoom_out.png
bw5-1,output_images\bw5-1_noise.png
bw5-1,output_images\bw5-1_bright.png
bw5-1,output_images\bw5-1_random_rotation.png
bw5-1,output_images\bw5-1_translated.png
bw5-1,output_images\bw5-1_cropped.png
bw5-1,output_images\bw5-1_flipped_horizontal.png
bw5-1,output_images\bw5-1_high_contrast.png
neo4-1,output_images\neo4-1_original.png
neo4-1,output_images\neo4-1_bw.png
neo4-1,output_images\neo4-1_blurred.png
neo4-1,output_images\neo4-1_saturated.png
neo4-1,output_images\neo4-1_desaturated.png
neo4-1,output_images\neo4-1_rotated_left.png
neo4-1,output_images\neo4-1_rotated_right.png
neo4-1,output_images\neo4-1_zoom_in.png
neo4-1,output_images\neo4-1_zoom_out.png
neo4-1,output_images\neo4-1_noise.png
neo4-1,output_images\neo4-1_bright.png
neo4-1,output_images\neo4-1_random_rotation.png
neo4-1,output_images\neo4-1_translated.png
neo4-1,output_images\neo4-1_cropped.png
neo4-1,output_images\neo4-1_flipped_horizontal.png
neo4-1,output_images\neo4-1_high_contrast.png
sm8-1,output_images\sm8-1_original.png
sm8-1,output_images\sm8-1_bw.png
sm8-1,output_images\sm8-1_blurred.png
sm8-1,output_images\sm8-1_saturated.png
sm8-1,output_images\sm8-1_desaturated.png
sm8-1,output_images\sm8-1_rotated_left.png
sm8-1,output_images\sm8-1_rotated_right.png
sm8-1,output_images\sm8-1_zoom_in.png
sm8-1,output_images\sm8-1_zoom_out.png
sm8-1,output_images\sm8-1_noise.png
sm8-1,output_images\sm8-1_bright.png
sm8-1,output_images\sm8-1_random_rotation.png
sm8-1,output_images\sm8-1_translated.png
sm8-1,output_images\sm8-1_cropped.png
sm8-1,output_images\sm8-1_flipped_horizontal.png
sm8-1,output_images\sm8-1_high_contrast.png
base1-1,output_images\base1-1_original.png
base1-1,output_images\base1-1_bw.png
base1-1,output_images\base1-1_blurred.png
base1-1,output_images\base1-1_saturated.png
base1-1,output_images\base1-1_desaturated.png
base1-1,output_images\base1-1_rotated_left.png
base1-1,output_images\base1-1_rotated_right.png
base1-1,output_images\base1-1_zoom_in.png
base1-1,output_images\base1-1_zoom_out.png
base1-1,output_images\base1-1_noise.png
base1-1,output_images\base1-1_bright.png
base1-1,output_images\base1-1_random_rotation.png
base1-1,output_images\base1-1_translated.png
base1-1,output_images\base1-1_cropped.png
base1-1,output_images\base1-1_flipped_horizontal.png
base1-1,output_images\base1-1_high_contrast.png
basep-1,output_images\basep-1_original.png
basep-1,output_images\basep-1_bw.png
basep-1,output_images\basep-1_blurred.png
basep-1,output_images\basep-1_saturated.png
basep-1,output_images\basep-1_desaturated.png
basep-1,output_images\basep-1_rotated_left.png
basep-1,output_images\basep-1_rotated_right.png
basep-1,output_images\basep-1_zoom_in.png
basep-1,output_images\basep-1_zoom_out.png
basep-1,output_images\basep-1_noise.png
basep-1,output_images\basep-1_bright.png
basep-1,output_images\basep-1_random_rotation.png
basep-1,output_images\basep-1_translated.png
basep-1,output_images\basep-1_cropped.png
basep-1,output_images\basep-1_flipped_horizontal.png
basep-1,output_images\basep-1_high_contrast.png
